,ActiveFires,Step,TotalDrones,TotalEmissions,AvgPayloadFactor,Cost,TotalWater
0,50,0,40,0.0,0.0,0.0,0
1,50,1,40,4.001874999999998,0.0031250000000000015,4.600500000000001,0
2,50,2,40,8.005625000000007,0.0031250000000000015,9.202562500000006,0
3,50,3,40,12.009375000000002,0.0031250000000000015,13.804625000000001,0
4,50,4,40,16.01312499999999,0.0031250000000000015,18.406687500000004,0
5,50,5,40,20.016875000000013,0.0031250000000000015,23.00875000000001,0
6,50,6,40,24.020625,0.0031250000000000015,27.610812500000026,0
7,47,7,40,27.874234374999993,0.1903906249999999,32.00283750000002,30
8,45,8,40,31.890221875000034,0.12792187499999993,36.558500312499994,50
9,42,9,40,35.818662500000016,0.19031249999999986,41.01291125000002,80
10,41,10,40,39.884603125000034,0.06542187499999991,45.638535000000026,90
11,41,11,40,46.97716250000005,0.002984375000000002,54.705554687500054,90
12,41,12,40,54.28236875000006,0.06540624999999996,64.10236750000006,100
13,41,13,40,58.32339375000006,0.0029687500000000018,68.73554562500007,100
14,41,14,40,62.276909375000024,0.06539062499999987,73.26749250000009,110
15,40,15,40,66.26786875,0.06537499999999996,77.83064781250006,120
16,38,16,40,70.20876250000003,0.12778124999999999,82.32378031250005,140
17,39,17,40,74.28717500000002,0.0029062500000000017,86.98813593750006,140
18,41,18,40,78.29066250000008,0.0029062500000000017,91.59005406250006,140
19,41,19,40,82.29415000000007,0.0029062500000000017,96.19197218750001,140
20,40,20,40,86.24760000000003,0.049718750000000006,100.72388031250004,150
21,38,21,40,90.17908125000005,0.11212499999999992,105.20917968750004,170
22,37,22,40,94.14797812500004,0.12770312500000003,109.72567468750003,190
23,35,23,40,98.12623125000006,0.08084374999999998,114.24996125,210
24,34,24,40,102.07633124999998,0.11203125,118.750808125,230
25,33,25,40,106.09516250000001,0.06518749999999993,123.33725375000003,240
26,32,26,40,110.08587812500001,0.06517187499999998,127.90027499999998,250
27,30,27,40,114.02654687500005,0.09635937499999993,132.3932784375,270
28,29,28,40,118.03594687499998,0.049515625,136.97188062500007,280
29,29,29,40,122.06726874999998,0.0026875000000000015,141.59706843749996,280
30,28,30,40,126.02046562500004,0.033890625,146.12883468750002,290
31,27,31,40,129.9923562500002,0.06509374999999992,150.67619499999995,300
32,28,32,40,134.0330062500001,0.0026562500000000015,155.309166875,300
33,25,33,40,137.88608125000013,0.14309375000000002,159.7008899999999,330
34,25,34,40,141.9735031250001,0.0026093750000000015,164.372854375,330
35,24,35,40,145.92660625000016,0.03381250000000001,168.90456906249992,340
36,24,36,40,149.94845000000004,0.0025937500000000014,173.5218903125,340
37,22,37,40,153.8014312500001,0.17425000000000002,177.91356718749986,370
38,20,38,40,157.80744375000012,0.08056249999999998,182.46108218749998,390
39,18,39,40,161.75721562500016,0.09614062500000001,186.96174593749993,410
40,17,40,40,165.76636250000018,0.0336875,191.54020624999993,420
41,17,41,40,169.78805625000007,0.0024687500000000013,196.1574449999999,420
42,18,42,40,186.4260625000001,0.0024687500000000013,218.95481912499994,420
43,18,43,40,190.42902500000005,0.0024687500000000013,223.55644849999982,420
44,19,44,40,194.9820937500001,0.0024687500000000013,228.99985237500002,420
45,19,45,40,225.4987125000001,0.0024687500000000013,271.77880175,420
46,19,46,40,270.51468750000026,0.0024687500000000013,335.43064862500006,420
47,19,47,40,330.3798125000002,0.0024687500000000013,420.45771875000014,420
48,19,48,40,334.38277500000027,0.0024687500000000013,425.05934812500027,420
49,19,49,40,353.12181250000015,0.0024687500000000013,450.8738031250002,420
50,18,50,40,371.8323656250002,0.0180625,476.64920937500017,430
51,18,51,40,436.3232875000003,0.0024531250000000013,568.3133180000004,430
52,18,52,40,471.28909375000035,0.0024531250000000013,617.4812953125003,430
53,18,53,40,507.43690312500024,0.0024531250000000013,668.3984620000002,430
54,18,54,40,543.7598531250004,0.0024531250000000013,719.5152758125001,430
55,19,55,40,580.9963875000003,0.0024531250000000013,771.9977173750004,430
56,19,56,40,601.7738031250001,0.0024531250000000013,800.7393109375004,430
57,19,57,40,690.7913250000001,0.08053124999999994,927.1207382500004,430
58,18,58,40,711.9499750000006,0.018078125000000004,956.3833732500007,440
59,19,59,40,804.8839156250003,0.0024687500000000013,1089.0471498125005,440
60,19,60,40,826.7692781250004,0.0024687500000000013,1119.3797494375005,440
61,17,61,40,849.8319281250002,0.08048437499999996,1151.5103093125008,460
62,16,62,40,853.7815968750002,0.04925,1156.0109190000007,470
63,15,63,40,876.2185031250003,0.03362500000000001,1187.1722851250008,480
64,13,64,40,895.9563968749999,0.09603124999999998,1214.4154070000009,500
65,13,65,40,900.0154406250001,0.0023750000000000012,1219.0638026250008,500
66,12,66,40,903.9682531249999,0.04918750000000001,1223.5953601250012,510
67,12,67,40,907.9991812499999,0.0023593750000000012,1228.2203313750008,510
68,11,68,40,911.9519843750002,0.03356250000000001,1232.7518810625006,520
69,10,69,40,915.9234906249997,0.04915625,1237.2990273125004,530
70,10,70,40,919.9543812499999,0.002328125000000001,1241.9239779375011,530
71,9,71,40,923.9071468749999,0.03353125,1246.4555070000008,540
72,7,72,40,927.8286062499999,0.049109375000000004,1250.9326301250012,560
73,7,73,40,931.8594406249996,0.002281250000000001,1255.557549812501,560
74,7,74,40,935.8621781249998,0.002281250000000001,1260.159055437501,560
75,7,75,40,939.8649156249996,0.002281250000000001,1264.760561062501,560
76,8,76,40,943.8676531249995,0.002281250000000001,1269.362066687501,560
77,9,77,40,947.8703906249997,0.002281250000000001,1273.9635723125011,560
78,9,78,40,952.6231187499993,0.080390625,1278.5194754375013,560
79,9,79,40,956.6727593749994,0.002343750000000001,1283.1600457500012,560
80,9,80,40,960.6755718749992,0.002343750000000001,1287.7615926250014,560
81,9,81,40,964.6783843749994,0.002343750000000001,1292.3631395000014,560
82,9,82,40,968.6811968749994,0.002343750000000001,1296.9646863750015,560
83,9,83,40,972.6840093749992,0.002343750000000001,1301.5662332500017,560
84,10,84,40,977.4368124999993,0.08045312499999997,1306.1221776250015,560
85,10,85,40,981.4364812499989,0.0024062500000000013,1310.692776687501,560
86,11,86,40,985.4393687499992,0.0024062500000000013,1315.2943648125015,560
87,11,87,40,989.3922093749991,0.0024062500000000013,1319.825940437502,560
88,11,88,40,993.3950968749991,0.0024062500000000013,1324.4275285625017,560
89,12,89,40,997.3979843749987,0.0024062500000000013,1329.0291166875015,560
90,12,90,40,1001.400871874999,0.0024062500000000013,1333.6307048125013,560
91,12,91,40,1005.403759374999,0.0024062500000000013,1338.232292937502,560
92,12,92,40,1009.4066468749986,0.0024062500000000013,1342.8338810625019,560
93,12,93,40,1049.5770281249988,0.0024062500000000013,1399.527543687502,560
94,10,94,40,1106.7023562499985,0.08042187499999999,1480.624008687502,580
95,10,95,40,1110.7520343749986,0.0023750000000000012,1485.2645996250026,580
96,9,96,40,1142.9760562499987,0.12729687499999995,1529.4265343750021,590
97,9,97,40,1190.182199999999,0.0024218750000000013,1596.1783366875022,590
98,9,98,40,1239.9448249999984,0.0024218750000000013,1666.6982008750024,590
99,8,99,40,1259.6112499999988,0.03362500000000001,1693.8462999375026,600
100,8,100,40,1280.386349999999,0.0024062500000000013,1722.5733184375024,600
101,8,101,40,1298.1435218749984,0.0024062500000000013,1746.977891812502,600
102,8,102,40,1317.9997031249984,0.0024062500000000013,1774.3966316875026,600
103,7,103,40,1337.5106218749984,0.06482812499999997,1801.3214623125027,610
104,6,104,40,1341.5009156249987,0.04920312500000001,1805.884248875003,620
105,5,105,40,1433.704821874999,0.04918750000000001,1937.4385399375028,630
106,4,106,40,1452.9436437499985,0.03356250000000001,1963.9557343125034,640
107,4,107,40,1486.111837499998,0.002343750000000001,2010.5830334375034,640
108,3,108,40,1490.0646312499991,0.017937500000000002,2015.114575312503,650
109,3,109,40,1540.7596906249985,0.08043749999999998,2085.845314437503,650
110,3,110,40,1559.2385156249984,0.0023906250000000013,2111.2579765625037,650
111,3,111,40,1563.241384374998,0.0023906250000000013,2115.859554375004,650
112,3,112,40,1583.1008406249985,0.0023906250000000013,2143.2830356875033,650
113,3,113,40,1645.1320937499986,0.0023906250000000013,2231.4207817500037,650
114,3,114,40,1680.1029093749976,0.0023906250000000013,2280.596029937503,650
115,3,115,40,1690.9072843749989,0.0023906250000000013,2295.068236500004,650
116,3,116,40,1694.9101531249987,0.0023906250000000013,2299.669814312503,650
117,3,117,40,1698.9130218749985,0.0023906250000000013,2304.271392125004,650
118,3,118,40,1702.915890624998,0.0023906250000000013,2308.8729699375035,650
119,3,119,40,1706.9187593749984,0.0023906250000000013,2313.4745477500032,650
120,3,120,40,1710.9216281249985,0.0023906250000000013,2318.0761255625043,650
121,3,121,40,1732.8819593749986,0.0023906250000000013,2348.516463375004,650
122,3,122,40,1737.6348187499982,0.08049999999999997,2353.0724386875045,650
123,3,123,40,1741.6845906249982,0.0024531250000000013,2357.713081187504,650
124,3,124,40,1745.6875343749987,0.0024531250000000013,2362.3147002500036,650
125,3,125,40,1750.0404499999981,0.08053124999999997,2366.8585118125034,650
126,3,126,40,1754.0902593749981,0.0024843750000000013,2371.4991749375035,650
127,3,127,40,1758.0932406249983,0.0024843750000000013,2376.100814625004,650
128,3,128,40,1762.0962218749983,0.0024843750000000013,2380.702454312504,650
129,3,129,40,1766.0992031249987,0.0024843750000000013,2385.3040940000037,650
130,3,130,40,1770.1021843749975,0.0024843750000000013,2389.905733687504,650
131,3,131,40,1774.1051656249986,0.0024843750000000013,2394.5073733750046,650
132,3,132,40,1778.1081468749985,0.0024843750000000013,2399.109013062504,650
133,3,133,40,1782.1111281249982,0.0024843750000000013,2403.710652750004,650
134,3,134,40,1786.114109374998,0.0024843750000000013,2408.312292437504,650
135,3,135,40,1790.1170906249984,0.0024843750000000013,2412.913932125004,650
136,3,136,40,1794.1200718749985,0.0024843750000000013,2417.5155718125034,650
137,3,137,40,1798.1230531249985,0.0024843750000000013,2422.117211500004,650
138,3,138,40,1802.126034374998,0.0024843750000000013,2426.718851187504,650
139,3,139,40,1806.1290156249981,0.0024843750000000013,2431.320490875004,650
140,3,140,40,1810.1319968749985,0.0024843750000000013,2435.9221305625033,650
141,3,141,40,1814.134978124998,0.0024843750000000013,2440.523770250004,650
142,3,142,40,1844.4475187499984,0.0024843750000000013,2483.009613937504,650
143,2,143,40,1848.4004812499982,0.018078125000000004,2487.541248625005,660
144,2,144,40,1867.6707312499982,0.0024687500000000013,2514.1129133125037,660
145,2,145,40,1914.8445499999987,0.0024687500000000013,2580.865223812504,660
146,2,146,40,1949.913659374998,0.0024687500000000013,2630.183360687503,660
147,2,147,40,1984.0776093749985,0.0024687500000000013,2678.201655812504,660
148,2,148,40,1988.0305624999987,0.0024687500000000013,2682.733282687503,660
149,2,149,40,1991.9835156249987,0.0024687500000000013,2687.2649095625043,660
150,2,150,40,2011.6492656249982,0.0024687500000000013,2714.4119675625034,660
151,2,151,40,2015.602218749998,0.0024687500000000013,2718.943594437504,660
152,2,152,40,2051.6080749999983,0.0024687500000000013,2769.606866937504,660
153,1,153,40,2072.5351906249984,0.049281250000000006,2798.5652569375043,670
154,1,154,40,2076.5662312499985,0.0024531250000000013,2803.1902900625028,670
155,1,155,40,2081.069287499998,0.0024531250000000013,2808.5637583750045,670
156,1,156,40,2130.540431249998,0.0024531250000000013,2878.613244187504,670
157,1,157,40,2182.7135437499983,0.0024531250000000013,2952.5427571250048,670
158,1,158,40,2219.8782812499985,0.0024531250000000013,3004.9202435625043,670
159,1,159,40,2251.5714124999986,0.0024531250000000013,3049.440481500005,670
160,1,160,40,2286.332449999998,0.0024531250000000013,3098.3662328125038,670
161,1,161,40,2290.3353937499983,0.0024531250000000013,3102.9678518750047,670
162,1,162,40,2342.711596874999,0.0024531250000000013,3177.292679687504,670
163,1,163,40,2346.7145406249983,0.0024531250000000013,3181.894298750004,670
164,1,164,40,2416.251515624999,0.0024531250000000013,3280.810205937504,670
165,1,165,40,2435.210671874999,0.0024531250000000013,3306.9407900000047,670
166,1,166,40,2458.023365624999,0.0024531250000000013,3338.656919687505,670
167,1,167,40,2514.09614375,0.0024531250000000013,3418.186341500005,670
168,0,168,40,2517.648749999999,0.018046875,3422.1578705625043,680
169,0,169,40,2519.8596718750005,0.0024375000000000013,3424.2469190000033,680
170,0,170,40,2522.8112187499996,0.08054687499999995,3426.282560250004,680
171,0,171,40,2525.0096312499995,0.08054687499999995,3428.3328561875032,680
172,0,172,40,2544.5652562499995,0.08054687499999995,3455.359953125004,680
173,0,173,40,2546.71363125,0.08054687499999995,3457.3402390625033,680
174,0,174,40,2548.8620062500004,0.08054687499999995,3459.320525000003,680
175,0,175,40,2551.010381249999,0.08054687499999995,3461.3008109375032,680
176,0,176,40,2553.1587562499994,0.08054687499999995,3463.281096875003,680
177,0,177,40,2555.3071312500006,0.08054687499999995,3465.2613828125036,680
178,0,178,40,2557.455506249999,0.08054687499999995,3467.241668750003,680
179,0,179,40,2559.6038812500005,0.08054687499999995,3469.221954687502,680
180,0,180,40,2561.752256250001,0.08054687499999995,3471.2022406250026,680
181,0,181,40,2581.85809375,0.08054687499999995,3499.0212865625026,680
182,0,182,40,2583.9564312500006,0.08054687499999995,3500.931562500004,680
183,0,183,40,2586.0547687500007,0.08054687499999995,3502.8418384375027,680
184,0,184,40,2588.1531062500007,0.08054687499999995,3504.7521143750037,680
185,0,185,40,2590.251443750001,0.08054687499999995,3506.6623903125023,680
186,0,186,40,2592.349781250001,0.08054687499999995,3508.572666250003,680
187,0,187,40,2594.4481187500014,0.08054687499999995,3510.482942187502,680
188,0,188,40,2596.546456250001,0.08054687499999995,3512.3932181250025,680
189,0,189,40,2599.3947843750016,0.15865624999999994,3514.2578915625027,680
190,0,190,40,2601.489978125002,0.15865624999999994,3516.1372196875022,680
191,0,191,40,2603.585171875001,0.15865624999999994,3518.0165478125027,680
192,0,192,40,2605.6803656250027,0.15865624999999994,3519.895875937502,680
193,0,193,40,2607.775559375002,0.15865624999999994,3521.775204062502,680
194,0,194,40,2609.8707531250016,0.15865624999999994,3523.6545321875024,680
195,0,195,40,2611.965946875003,0.15865624999999994,3525.533860312502,680
196,0,196,40,2614.0611406250027,0.15865624999999994,3527.4131884375015,680
197,0,197,40,2616.1563343750013,0.15865624999999994,3529.2925165625015,680
198,0,198,40,2618.3015750000027,0.08060937499999996,3531.241857187503,680
199,0,199,40,2620.3999875000036,0.08060937499999996,3533.152174375002,680
200,0,200,40,2622.4984000000018,0.08060937499999996,3535.062491562502,680
201,0,201,40,2624.596812500003,0.08060937499999996,3536.9728087500007,680
202,0,202,40,2626.6952250000036,0.08060937499999996,3538.8831259375015,680
203,0,203,40,2628.7936375000027,0.08060937499999996,3540.7934431250005,680
204,0,204,40,2630.9420968750032,0.0025625000000000014,3542.7737728125016,680
205,0,205,40,2633.043728125003,0.0025625000000000014,3544.7150790625014,680
206,0,206,40,2635.145359375005,0.0025625000000000014,3546.6563853125012,680
207,0,207,40,2652.0371625000034,0.0025625000000000014,3569.888233187501,680
208,0,208,40,2654.188812500003,0.0025625000000000014,3571.899544437501,680
209,0,209,40,2656.340462500005,0.0025625000000000014,3573.910855687501,680
210,0,210,40,2658.4921125000037,0.0025625000000000014,3575.922166937501,680
211,0,211,40,2660.6437625000044,0.0025625000000000014,3577.9334781875004,680
212,0,212,40,2662.795412500005,0.0025625000000000014,3579.9447894375003,680
213,0,213,40,2664.9470625000044,0.0025625000000000014,3581.9561006875,680
214,0,214,40,2682.263071875004,0.0025625000000000014,3605.7952868125017,680
215,0,215,40,2684.364675000005,0.0025625000000000014,3607.7365855625003,680
216,0,216,40,2686.5663531250048,0.0025625000000000014,3609.817904312501,680
217,0,217,40,2688.8680968750054,0.0025625000000000014,3612.0392405625,680
218,0,218,40,2691.1698406250052,0.0025625000000000014,3614.260576812501,680
219,0,219,40,2693.471584375006,0.0025625000000000014,3616.4819130625,680
220,0,220,40,2726.9904187500056,0.0025625000000000014,3663.630958562501,680
221,0,221,40,2729.292190625006,0.0025625000000000014,3665.8523023125,680
222,0,222,40,2731.5939625000065,0.0025625000000000014,3668.0736460625003,680
223,0,223,40,2733.945762500006,0.0025625000000000014,3670.3649973125002,680
224,0,224,40,2736.297562500007,0.0025625000000000014,3672.6563485624997,680
225,0,225,40,2738.6994000000072,0.0025625000000000014,3675.0177098125,680
226,0,226,40,2756.0640031250073,0.0025625000000000014,3698.9174573124997,680
227,0,227,40,2773.3709000000076,0.0025625000000000014,3722.7361605624997,680
228,0,228,40,2791.2243312500077,0.0025625000000000014,3747.3415200624995,680
229,0,229,40,2809.039153125007,0.0025625000000000014,3771.893291312499,680
230,0,230,40,2826.203928125008,0.0025625000000000014,3795.5134500624995,680
231,0,231,40,2843.6188125000085,0.0025625000000000014,3819.4946206875,680
232,0,232,40,2845.7204156250077,0.0025625000000000014,3821.4359194375,680
233,0,233,40,2847.8220187500087,0.0025625000000000014,3823.3772181874992,680
234,0,234,40,2849.973668750009,0.0025625000000000014,3825.3885294374995,680
235,0,235,40,2867.683540625009,0.0025625000000000014,3849.7932801874986,680
236,0,236,40,2869.7851625000085,0.0025625000000000014,3851.7345839375007,680
237,0,237,40,2887.447996875009,0.0025625000000000014,3876.0736326874985,680
238,0,238,40,2889.59964687501,0.0025625000000000014,3878.0849439374992,680
239,0,239,40,2891.7512968750084,0.0025625000000000014,3880.0962551875,680
240,0,240,40,2893.9029468750095,0.0025625000000000014,3882.1075664374994,680
241,0,241,40,2896.0545968750116,0.0025625000000000014,3884.1188776874988,680
242,0,242,40,2898.2062468750096,0.0025625000000000014,3886.130188937498,680
243,0,243,40,2913.82206875001,0.0025625000000000014,3907.5279058124993,680
244,0,244,40,2930.8883125000116,0.0025625000000000014,3931.010283312499,680
245,0,245,40,2932.939868750011,0.0025625000000000014,3932.881569562498,680
246,0,246,40,2934.9914250000106,0.0025625000000000014,3934.752855812498,680
247,0,247,40,2937.093009375011,0.0025625000000000014,3936.6941495624988,680
248,0,248,40,2939.1945937500122,0.0025625000000000014,3938.6354433125,680
249,0,249,40,2941.296178125012,0.0025625000000000014,3940.5767370624976,680
250,0,250,40,2943.3977625000116,0.0025625000000000014,3942.5180308124977,680
251,0,251,40,2945.4993468750126,0.0025625000000000014,3944.4593245624988,680
252,0,252,40,2963.857228125012,0.0025625000000000014,3969.792805812498,680
253,0,253,40,2966.058906250013,0.0025625000000000014,3971.874124562498,680
254,0,254,40,2968.260584375013,0.0025625000000000014,3973.9554433124977,680
255,0,255,40,2970.4622625000134,0.0025625000000000014,3976.0367620624984,680
256,0,256,40,2972.7640062500136,0.0025625000000000014,3978.2580983124985,680
257,0,257,40,2975.065750000014,0.0025625000000000014,3980.479434562497,680
258,0,258,40,2977.367493750013,0.0025625000000000014,3982.700770812498,680
259,0,259,40,2979.719284375014,0.0025625000000000014,3984.9921195624975,680
260,0,260,40,2982.0710750000144,0.0025625000000000014,3987.283468312498,680
261,0,261,40,2984.472903125015,0.0025625000000000014,3989.644827062498,680
262,0,262,40,2986.924778125015,0.0025625000000000014,3992.076198312497,680
263,0,263,40,2989.376653125015,0.0025625000000000014,3994.5075695624987,680
264,0,264,40,3022.952087500015,0.0025625000000000014,4041.7360488124978,680
265,0,265,40,3058.231009375015,0.0025625000000000014,4091.4144238124977,680
266,0,266,40,3060.482743750016,0.0025625000000000014,4093.5657575624973,680
267,0,267,40,3093.258256250016,0.0025625000000000014,4139.652913437498,680
268,0,268,40,3095.6601031250157,0.0025625000000000014,4142.014277187497,680
269,0,269,40,3113.0290906250166,0.0025625000000000014,4165.920309687497,680
270,0,270,40,3130.0447281250176,0.0025625000000000014,4189.320775437498,680
271,0,271,40,3147.0137875000164,0.0025625000000000014,4212.656209812499,680
272,0,272,40,3149.265503125018,0.0025625000000000014,4214.807538562497,680
273,0,273,40,3151.5172187500184,0.0025625000000000014,4216.958867312498,680
274,0,274,40,3167.6865281250175,0.0025625000000000014,4239.142151062497,680
275,0,275,40,3226.287643750018,0.0025625000000000014,4322.414862062498,680
276,0,276,40,3228.4393218750183,0.0025625000000000014,4324.426180812496,680
277,0,277,40,3230.591000000019,0.0025625000000000014,4326.437499562496,680
278,0,278,40,3232.742678125019,0.0025625000000000014,4328.448818312497,680
279,0,279,40,3275.3481593750184,0.0025625000000000014,4388.705518937498,680
280,0,280,40,3277.4497812500204,0.0025625000000000014,4390.646822687499,680
281,0,281,40,3279.55140312502,0.0025625000000000014,4392.5881264374975,680
282,0,282,40,3294.5676593750186,0.0025625000000000014,4413.124834187496,680
283,0,283,40,3309.6876281250197,0.0025625000000000014,4433.806807312498,680
284,0,284,40,3348.990528125021,0.0025625000000000014,4489.321023187496,680
285,0,285,40,3363.5994406250197,0.0025625000000000014,4509.276494937496,680
286,0,286,40,3365.600978125021,0.0025625000000000014,4511.077776187496,680
287,0,287,40,3367.602515625021,0.0025625000000000014,4512.879057437499,680
288,0,288,40,3369.6040531250214,0.0025625000000000014,4514.680338687497,680
289,0,289,40,3371.605590625022,0.0025625000000000014,4516.481619937498,680
290,0,290,40,3373.657165625021,0.0025625000000000014,4518.352911187498,680
291,0,291,40,3387.9735781250224,0.0025625000000000014,4537.888352937497,680
292,0,292,40,3389.975115625022,0.0025625000000000014,4539.689634187496,680
293,0,293,40,3391.9766531250225,0.0025625000000000014,4541.490915437496,680
294,0,294,40,3393.9781906250228,0.0025625000000000014,4543.292196687495,680
295,0,295,40,3395.9797281250226,0.0025625000000000014,4545.093477937497,680
296,0,296,40,3397.9812656250224,0.0025625000000000014,4546.894759187497,680
297,0,297,40,3399.982803125023,0.0025625000000000014,4548.696040437498,680
298,0,298,40,3401.984340625024,0.0025625000000000014,4550.497321687497,680
299,0,299,40,3404.0359156250224,0.0025625000000000014,4552.368612937496,680
300,0,300,40,3418.3523281250236,0.0025625000000000014,4571.904054687496,680
301,0,301,40,3420.353865625025,0.0025625000000000014,4573.705335937496,680
302,0,302,40,3422.3554031250233,0.0025625000000000014,4575.506617187496,680
303,0,303,40,3424.3569406250235,0.0025625000000000014,4577.307898437497,680
304,0,304,40,3426.3584781250256,0.0025625000000000014,4579.109179687494,680
305,0,305,40,3428.360015625025,0.0025625000000000014,4580.910460937497,680
306,0,306,40,3430.361553125025,0.0025625000000000014,4582.711742187496,680
307,0,307,40,3432.363090625026,0.0025625000000000014,4584.5130234374965,680
308,0,308,40,3434.364628125025,0.0025625000000000014,4586.314304687495,680
309,0,309,40,3436.366165625026,0.0025625000000000014,4588.115585937494,680
310,0,310,40,3438.367703125026,0.0025625000000000014,4589.916867187495,680
311,0,311,40,3440.3692406250248,0.0025625000000000014,4591.718148437495,680
312,0,312,40,3442.370778125026,0.0025625000000000014,4593.519429687496,680
313,0,313,40,3444.372315625026,0.0025625000000000014,4595.320710937495,680
314,0,314,40,3446.3738531250256,0.0025625000000000014,4597.121992187495,680
315,0,315,40,3448.375390625026,0.0025625000000000014,4598.9232734374955,680
316,0,316,40,3450.3769281250275,0.0025625000000000014,4600.724554687494,680
317,0,317,40,3452.378465625027,0.0025625000000000014,4602.525835937495,680
318,0,318,40,3454.380003125027,0.0025625000000000014,4604.327117187494,680
319,0,319,40,3456.381540625028,0.0025625000000000014,4606.128398437496,680
320,0,320,40,3458.383078125027,0.0025625000000000014,4607.929679687494,680
321,0,321,40,3460.3846156250283,0.0025625000000000014,4609.730960937495,680
322,0,322,40,3462.3861531250277,0.0025625000000000014,4611.532242187495,680
323,0,323,40,3464.387690625029,0.0025625000000000014,4613.3335234374945,680
324,0,324,40,3466.389228125029,0.0025625000000000014,4615.134804687495,680
325,0,325,40,3468.440812500029,0.0025625000000000014,4617.006098437494,680
326,0,326,40,3482.7609437500287,0.0025625000000000014,4636.546880312493,680
327,0,327,40,3484.762481250029,0.0025625000000000014,4638.348161562494,680
328,0,328,40,3486.764018750029,0.0025625000000000014,4640.149442812494,680
329,0,329,40,3488.7655562500295,0.0025625000000000014,4641.950724062494,680
330,0,330,40,3490.76709375003,0.0025625000000000014,4643.7520053124945,680
331,0,331,40,3492.7686312500286,0.0025625000000000014,4645.553286562494,680
332,0,332,40,3494.8202156250304,0.0025625000000000014,4647.424580312493,680
333,0,333,40,3509.1403468750304,0.0025625000000000014,4666.965362187493,680
334,0,334,40,3511.14188437503,0.0025625000000000014,4668.766643437493,680
335,0,335,40,3513.1434218750305,0.0025625000000000014,4670.567924687493,680
336,0,336,40,3515.144959375032,0.0025625000000000014,4672.369205937493,680
337,0,337,40,3517.146496875031,0.0025625000000000014,4674.170487187494,680
338,0,338,40,3519.2481000000316,0.0025625000000000014,4676.1117859374945,680
339,0,339,40,3545.875668750032,0.0025625000000000014,4713.376048062494,680
340,0,340,40,3547.877206250031,0.0025625000000000014,4715.177329312493,680
341,0,341,40,3549.8787437500328,0.0025625000000000014,4716.978610562492,680
342,0,342,40,3551.8802812500326,0.0025625000000000014,4718.779891812494,680
343,0,343,40,3553.881818750032,0.0025625000000000014,4720.581173062493,680
344,0,344,40,3555.9334031250323,0.0025625000000000014,4722.452466812494,680
345,0,345,40,3570.303553125033,0.0025625000000000014,4742.063253687493,680
346,0,346,40,3584.662556250032,0.0025625000000000014,4761.658022687494,680
347,0,347,40,3599.025296875033,0.0025625000000000014,4781.258136812493,680
348,0,348,40,3613.3954750000344,0.0025625000000000014,4800.868931187492,680
349,0,349,40,3627.7656531250336,0.0025625000000000014,4820.479725562493,680
350,0,350,40,3642.0857843750346,0.0025625000000000014,4840.0205074374935,680
351,0,351,40,3644.0873218750353,0.0025625000000000014,4841.8217886874945,680
352,0,352,40,3646.088859375034,0.0025625000000000014,4843.623069937492,680
353,0,353,40,3648.1404250000355,0.0025625000000000014,4845.494358687492,680
354,0,354,40,3662.4531187500347,0.0025625000000000014,4865.024460312493,680
355,0,355,40,3664.504693750035,0.0025625000000000014,4866.895751562492,680
356,0,356,40,3678.8211062500354,0.0025625000000000014,4886.431193312491,680
357,0,357,40,3680.8226437500366,0.0025625000000000014,4888.232474562491,680
358,0,358,40,3682.8241812500355,0.0025625000000000014,4890.033755812491,680
359,0,359,40,3684.8257187500362,0.0025625000000000014,4891.835037062492,680
360,0,360,40,3686.8272562500356,0.0025625000000000014,4893.636318312491,680
361,0,361,40,3688.878840625037,0.0025625000000000014,4895.507612062491,680
362,0,362,40,3703.2490187500375,0.0025625000000000014,4915.118406437491,680
363,0,363,40,3717.5691500000353,0.0025625000000000014,4934.659188312492,680
364,0,364,40,3719.570687500037,0.0025625000000000014,4936.460469562491,680
365,0,365,40,3721.5722250000385,0.0025625000000000014,4938.2617508124895,680
366,0,366,40,3723.5737625000374,0.0025625000000000014,4940.06303206249,680
367,0,367,40,3725.5753000000373,0.0025625000000000014,4941.864313312492,680
368,0,368,40,3727.576837500039,0.0025625000000000014,4943.665594562491,680
369,0,369,40,3729.5783750000387,0.0025625000000000014,4945.46687581249,680
370,0,370,40,3731.6299312500373,0.0025625000000000014,4947.338162062491,680
371,0,371,40,3745.9389062500395,0.0025625000000000014,4966.862923562491,680
372,0,372,40,3747.9404437500384,0.0025625000000000014,4968.6642048124895,680
373,0,373,40,3749.9419812500396,0.0025625000000000014,4970.465486062489,680
374,0,374,40,3751.943518750039,0.0025625000000000014,4972.26676731249,680
375,0,375,40,3753.9450562500388,0.0025625000000000014,4974.068048562489,680
376,0,376,40,3755.94659375004,0.0025625000000000014,4975.86932981249,680
377,0,377,40,3757.9481312500393,0.0025625000000000014,4977.670611062488,680
378,0,378,40,3759.949668750039,0.0025625000000000014,4979.471892312489,680
379,0,379,40,3761.95120625004,0.0025625000000000014,4981.273173562488,680
380,0,380,40,3763.952743750041,0.0025625000000000014,4983.074454812488,680
381,0,381,40,3765.95428125004,0.0025625000000000014,4984.875736062489,680
382,0,382,40,3768.055884375041,0.0025625000000000014,4986.817034812488,680
383,0,383,40,3794.783528125042,0.0025625000000000014,5024.221316937489,680
384,0,384,40,3821.4148156250403,0.0025625000000000014,5061.490919187488,680
385,0,385,40,3823.516418750042,0.0025625000000000014,5063.4322179374885,680
386,0,386,40,3850.1439875000424,0.0025625000000000014,5100.696480062489,680
387,0,387,40,3852.1955718750423,0.0025625000000000014,5102.567773812488,680
388,0,388,40,3866.565740625042,0.0025625000000000014,5122.178565687489,680
389,0,389,40,3880.9322000000443,0.0025625000000000014,5141.784019937488,680
390,0,390,40,3895.252331250043,0.0025625000000000014,5161.324801812488,680
391,0,391,40,3897.253868750043,0.0025625000000000014,5163.126083062488,680
392,0,392,40,3899.305453125044,0.0025625000000000014,5164.997376812488,680
393,0,393,40,3913.825715625044,0.0025625000000000014,5184.818193687486,680
394,0,394,40,3965.0793156250434,0.0025625000000000014,5257.545436687488,680
395,0,395,40,3967.0808531250436,0.0025625000000000014,5259.346717937487,680
396,0,396,40,3969.0823906250457,0.0025625000000000014,5261.147999187487,680
397,0,397,40,3971.234068750043,0.0025625000000000014,5263.159317937487,680
398,0,398,40,4010.191387500045,0.0025625000000000014,5318.179101062487,680
399,0,399,40,4012.1929250000458,0.0025625000000000014,5319.980382312487,680
400,0,400,40,4014.2445000000457,0.0025625000000000014,5321.851673562486,680
401,0,401,40,4028.610959375045,0.0025625000000000014,5341.457127812486,680
402,0,402,40,4043.081221875046,0.0025625000000000014,5361.207944687485,680
403,0,403,40,4082.084840625047,0.0025625000000000014,5416.292392687486,680
404,0,404,40,4096.393815625046,0.0025625000000000014,5435.817154187485,680
405,0,405,40,4098.395353125046,0.0025625000000000014,5437.618435437485,680
406,0,406,40,4100.3968906250475,0.0025625000000000014,5439.4197166874865,680
407,0,407,40,4102.398428125047,0.0025625000000000014,5441.220997937485,680
408,0,408,40,4104.399965625047,0.0025625000000000014,5443.022279187485,680
409,0,409,40,4106.451540625048,0.0025625000000000014,5444.893570437484,680
410,0,410,40,4120.767953125048,0.0025625000000000014,5464.429012187484,680
411,0,411,40,4122.769490625047,0.0025625000000000014,5466.230293437483,680
412,0,412,40,4124.771028125048,0.0025625000000000014,5468.031574687483,680
413,0,413,40,4126.772565625048,0.0025625000000000014,5469.832855937484,680
414,0,414,40,4128.774103125049,0.0025625000000000014,5471.634137187484,680
415,0,415,40,4130.775640625048,0.0025625000000000014,5473.435418437483,680
416,0,416,40,4132.7771781250485,0.0025625000000000014,5475.236699687483,680
417,0,417,40,4134.778715625049,0.0025625000000000014,5477.0379809374845,680
418,0,418,40,4136.830290625049,0.0025625000000000014,5478.909272187481,680
419,0,419,40,4151.1467031250495,0.0025625000000000014,5498.444713937482,680
420,0,420,40,4153.148240625049,0.0025625000000000014,5500.245995187481,680
421,0,421,40,4155.149778125051,0.0025625000000000014,5502.047276437481,680
422,0,422,40,4157.151315625049,0.0025625000000000014,5503.848557687482,680
423,0,423,40,4159.152853125051,0.0025625000000000014,5505.649838937482,680
424,0,424,40,4161.154390625051,0.0025625000000000014,5507.45112018748,680
425,0,425,40,4163.15592812505,0.0025625000000000014,5509.25240143748,680
426,0,426,40,4165.1574656250505,0.0025625000000000014,5511.053682687481,680
427,0,427,40,4167.159003125051,0.0025625000000000014,5512.854963937478,680
428,0,428,40,4169.160540625051,0.0025625000000000014,5514.656245187479,680
429,0,429,40,4171.16207812505,0.0025625000000000014,5516.457526437481,680
430,0,430,40,4173.163615625052,0.0025625000000000014,5518.258807687482,680
431,0,431,40,4175.165153125052,0.0025625000000000014,5520.060088937479,680
432,0,432,40,4177.166690625052,0.0025625000000000014,5521.861370187478,680
433,0,433,40,4179.168228125052,0.0025625000000000014,5523.662651437481,680
434,0,434,40,4181.169765625053,0.0025625000000000014,5525.463932687478,680
435,0,435,40,4183.171303125053,0.0025625000000000014,5527.265213937478,680
436,0,436,40,4185.172840625052,0.0025625000000000014,5529.066495187477,680
437,0,437,40,4187.174378125053,0.0025625000000000014,5530.867776437478,680
438,0,438,40,4189.175915625053,0.0025625000000000014,5532.669057687478,680
439,0,439,40,4191.177453125053,0.0025625000000000014,5534.470338937477,680
440,0,440,40,4193.178990625053,0.0025625000000000014,5536.271620187477,680
441,0,441,40,4195.1805281250545,0.0025625000000000014,5538.072901437477,680
442,0,442,40,4197.182065625054,0.0025625000000000014,5539.874182687477,680
443,0,443,40,4199.183603125053,0.0025625000000000014,5541.675463937474,680
444,0,444,40,4201.235187500054,0.0025625000000000014,5543.546757687475,680
445,0,445,40,4215.555318750054,0.0025625000000000014,5563.087539562475,680
446,0,446,40,4217.556856250055,0.0025625000000000014,5564.888820812477,680
447,0,447,40,4219.558393750055,0.0025625000000000014,5566.6901020624755,680
448,0,448,40,4221.559931250055,0.0025625000000000014,5568.491383312475,680
449,0,449,40,4223.561468750056,0.0025625000000000014,5570.292664562476,680
450,0,450,40,4225.563006250057,0.0025625000000000014,5572.093945812474,680
451,0,451,40,4227.614590625057,0.0025625000000000014,5573.965239562474,680
452,0,452,40,4241.934721875055,0.0025625000000000014,5593.5060214374735,680
453,0,453,40,4243.9362593750575,0.0025625000000000014,5595.307302687474,680
454,0,454,40,4245.937796875056,0.0025625000000000014,5597.108583937475,680
455,0,455,40,4247.939334375056,0.0025625000000000014,5598.909865187475,680
456,0,456,40,4249.940871875057,0.0025625000000000014,5600.711146437472,680
457,0,457,40,4252.0424750000575,0.0025625000000000014,5602.652445187472,680
458,0,458,40,4278.670043750057,0.0025625000000000014,5639.9167073124745,680
459,0,459,40,4280.671581250057,0.0025625000000000014,5641.717988562472,680
460,0,460,40,4282.673118750058,0.0025625000000000014,5643.519269812472,680
461,0,461,40,4284.674656250057,0.0025625000000000014,5645.320551062473,680
462,0,462,40,4286.676193750059,0.0025625000000000014,5647.121832312474,680
463,0,463,40,4288.727778125059,0.0025625000000000014,5648.993126062473,680
464,0,464,40,4303.097928125058,0.0025625000000000014,5668.603912937471,680
465,0,465,40,4317.456931250059,0.0025625000000000014,5688.198681937472,680
466,0,466,40,4331.819671875059,0.0025625000000000014,5707.7987960624705,680
467,0,467,40,4346.189850000062,0.0025625000000000014,5727.409590437472,680
468,0,468,40,4360.560028125059,0.0025625000000000014,5747.020384812471,680
469,0,469,40,4374.8801593750595,0.0025625000000000014,5766.561166687469,680
470,0,470,40,4376.881696875061,0.0025625000000000014,5768.362447937471,680
471,0,471,40,4378.88323437506,0.0025625000000000014,5770.16372918747,680
472,0,472,40,4380.93480000006,0.0025625000000000014,5772.035017937472,680
473,0,473,40,4395.247493750061,0.0025625000000000014,5791.565119562469,680
474,0,474,40,4397.299068750061,0.0025625000000000014,5793.43641081247,680
475,0,475,40,4411.615481250061,0.0025625000000000014,5812.971852562468,680
476,0,476,40,4413.617018750062,0.0025625000000000014,5814.773133812469,680
477,0,477,40,4415.6185562500605,0.0025625000000000014,5816.574415062469,680
478,0,478,40,4417.620093750062,0.0025625000000000014,5818.37569631247,680
479,0,479,40,4419.621631250063,0.0025625000000000014,5820.176977562469,680
480,0,480,40,4421.673215625061,0.0025625000000000014,5822.0482713124675,680
481,0,481,40,4436.043393750063,0.0025625000000000014,5841.659065687469,680
482,0,482,40,4450.3635250000625,0.0025625000000000014,5861.199847562467,680
483,0,483,40,4452.365062500062,0.0025625000000000014,5863.001128812469,680
484,0,484,40,4454.366600000063,0.0025625000000000014,5864.802410062467,680
485,0,485,40,4456.368137500063,0.0025625000000000014,5866.603691312465,680
486,0,486,40,4458.369675000063,0.0025625000000000014,5868.404972562467,680
487,0,487,40,4460.371212500064,0.0025625000000000014,5870.2062538124665,680
488,0,488,40,4462.372750000064,0.0025625000000000014,5872.0075350624675,680
489,0,489,40,4464.424306250065,0.0025625000000000014,5873.878821312465,680
490,0,490,40,4478.733281250065,0.0025625000000000014,5893.403582812467,680
491,0,491,40,4480.734818750064,0.0025625000000000014,5895.204864062465,680
492,0,492,40,4482.736356250066,0.0025625000000000014,5897.0061453124645,680
493,0,493,40,4484.737893750064,0.0025625000000000014,5898.8074265624655,680
494,0,494,40,4486.739431250064,0.0025625000000000014,5900.6087078124665,680
495,0,495,40,4488.740968750066,0.0025625000000000014,5902.409989062467,680
496,0,496,40,4490.742506250065,0.0025625000000000014,5904.211270312464,680
497,0,497,40,4492.744043750065,0.0025625000000000014,5906.012551562465,680
498,0,498,40,4494.745581250067,0.0025625000000000014,5907.813832812463,680
499,0,499,40,4496.747118750066,0.0025625000000000014,5909.615114062464,680
500,0,500,40,4498.748656250066,0.0025625000000000014,5911.416395312464,680
501,0,501,40,4500.850259375066,0.0025625000000000014,5913.357694062462,680
502,0,502,40,4527.577903125067,0.0025625000000000014,5950.761976187464,680
503,0,503,40,4554.209190625067,0.0025625000000000014,5988.031578437464,680
504,0,504,40,4556.310793750068,0.0025625000000000014,5989.972877187463,680
505,0,505,40,4582.938362500067,0.0025625000000000014,6027.237139312463,680
506,0,506,40,4584.989946875068,0.0025625000000000014,6029.108433062463,680
507,0,507,40,4599.360115625068,0.0025625000000000014,6048.719224937462,680
508,0,508,40,4613.726575000069,0.0025625000000000014,6068.324679187462,680
509,0,509,40,4628.046706250068,0.0025625000000000014,6087.8654610624635,680
510,0,510,40,4630.048243750068,0.0025625000000000014,6089.666742312464,680
511,0,511,40,4632.09982812507,0.0025625000000000014,6091.538036062461,680
512,0,512,40,4646.620090625069,0.0025625000000000014,6111.358852937459,680
513,0,513,40,4697.87369062507,0.0025625000000000014,6184.086095937462,680
514,0,514,40,4699.875228125071,0.0025625000000000014,6185.88737718746,680
515,0,515,40,4701.876765625071,0.0025625000000000014,6187.6886584374615,680
516,0,516,40,4704.0284437500695,0.0025625000000000014,6189.699977187461,680
517,0,517,40,4742.985762500071,0.0025625000000000014,6244.7197603124605,680
518,0,518,40,4744.987300000072,0.0025625000000000014,6246.5210415624615,680
519,0,519,40,4747.038875000071,0.0025625000000000014,6248.392332812461,680
520,0,520,40,4761.405334375072,0.0025625000000000014,6267.997787062459,680
521,0,521,40,4775.875596875071,0.0025625000000000014,6287.748603937458,680
522,0,522,40,4814.879215625074,0.0025625000000000014,6342.83305193746,680
523,0,523,40,4829.188190625072,0.0025625000000000014,6362.35781343746,680
524,0,524,40,4831.189728125071,0.0025625000000000014,6364.159094687458,680
525,0,525,40,4833.191265625073,0.0025625000000000014,6365.96037593746,680
526,0,526,40,4835.192803125072,0.0025625000000000014,6367.76165718746,680
527,0,527,40,4837.194340625071,0.0025625000000000014,6369.562938437458,680
528,0,528,40,4839.2459156250725,0.0025625000000000014,6371.434229687458,680
529,0,529,40,4853.562328125075,0.0025625000000000014,6390.969671437458,680
530,0,530,40,4855.563865625072,0.0025625000000000014,6392.770952687457,680
531,0,531,40,4857.565403125073,0.0025625000000000014,6394.572233937458,680
532,0,532,40,4859.5669406250745,0.0025625000000000014,6396.373515187458,680
533,0,533,40,4861.568478125075,0.0025625000000000014,6398.174796437456,680
534,0,534,40,4863.570015625074,0.0025625000000000014,6399.976077687456,680
535,0,535,40,4865.571553125075,0.0025625000000000014,6401.777358937457,680
536,0,536,40,4867.5730906250765,0.0025625000000000014,6403.5786401874575,680
537,0,537,40,4869.624665625074,0.0025625000000000014,6405.449931437454,680
538,0,538,40,4883.9410781250745,0.0025625000000000014,6424.985373187457,680
539,0,539,40,4885.942615625076,0.0025625000000000014,6426.786654437456,680
540,0,540,40,4887.944153125076,0.0025625000000000014,6428.587935687454,680
541,0,541,40,4889.945690625075,0.0025625000000000014,6430.389216937456,680
542,0,542,40,4891.947228125076,0.0025625000000000014,6432.190498187457,680
543,0,543,40,4893.948765625077,0.0025625000000000014,6433.991779437455,680
544,0,544,40,4895.950303125076,0.0025625000000000014,6435.793060687454,680
545,0,545,40,4897.951840625077,0.0025625000000000014,6437.594341937455,680
546,0,546,40,4899.9533781250775,0.0025625000000000014,6439.395623187454,680
547,0,547,40,4901.954915625078,0.0025625000000000014,6441.196904437454,680
548,0,548,40,4903.956453125075,0.0025625000000000014,6442.998185687453,680
549,0,549,40,4905.9579906250765,0.0025625000000000014,6444.799466937454,680
550,0,550,40,4907.959528125078,0.0025625000000000014,6446.600748187454,680
551,0,551,40,4909.961065625078,0.0025625000000000014,6448.402029437452,680
552,0,552,40,4911.962603125077,0.0025625000000000014,6450.203310687454,680
553,0,553,40,4913.964140625078,0.0025625000000000014,6452.004591937452,680
554,0,554,40,4915.965678125079,0.0025625000000000014,6453.805873187453,680
555,0,555,40,4917.967215625078,0.0025625000000000014,6455.607154437452,680
556,0,556,40,4919.968753125078,0.0025625000000000014,6457.408435687451,680
557,0,557,40,4921.9702906250795,0.0025625000000000014,6459.209716937452,680
558,0,558,40,4923.971828125081,0.0025625000000000014,6461.010998187452,680
559,0,559,40,4925.973365625079,0.0025625000000000014,6462.812279437451,680
560,0,560,40,4927.9749031250785,0.0025625000000000014,6464.613560687451,680
561,0,561,40,4929.976440625081,0.0025625000000000014,6466.414841937451,680
562,0,562,40,4931.977978125078,0.0025625000000000014,6468.216123187449,680
563,0,563,40,4934.02956250008,0.0025625000000000014,6470.08741693745,680
564,0,564,40,4948.349693750081,0.0025625000000000014,6489.628198812451,680
565,0,565,40,4950.351231250081,0.0025625000000000014,6491.429480062449,680
566,0,566,40,4952.35276875008,0.0025625000000000014,6493.230761312449,680
567,0,567,40,4954.35430625008,0.0025625000000000014,6495.03204256245,680
568,0,568,40,4956.3558437500815,0.0025625000000000014,6496.833323812448,680
569,0,569,40,4958.357381250082,0.0025625000000000014,6498.634605062447,680
570,0,570,40,4960.408965625083,0.0025625000000000014,6500.505898812449,680
571,0,571,40,4974.729096875083,0.0025625000000000014,6520.046680687449,680
572,0,572,40,4976.730634375083,0.0025625000000000014,6521.847961937447,680
573,0,573,40,4978.732171875081,0.0025625000000000014,6523.6492431874485,680
574,0,574,40,4980.733709375082,0.0025625000000000014,6525.4505244374495,680
575,0,575,40,4982.735246875083,0.0025625000000000014,6527.251805687448,680
576,0,576,40,4984.836850000082,0.0025625000000000014,6529.193104437447,680
577,0,577,40,5011.464418750082,0.0025625000000000014,6566.457366562447,680
578,0,578,40,5013.465956250083,0.0025625000000000014,6568.258647812447,680
579,0,579,40,5015.467493750083,0.0025625000000000014,6570.059929062449,680
580,0,580,40,5017.4690312500825,0.0025625000000000014,6571.861210312445,680
581,0,581,40,5019.470568750084,0.0025625000000000014,6573.662491562446,680
582,0,582,40,5021.522153125085,0.0025625000000000014,6575.5337853124465,680
583,0,583,40,5035.892303125083,0.0025625000000000014,6595.144572187445,680
584,0,584,40,5050.251306250084,0.0025625000000000014,6614.739341187445,680
585,0,585,40,5064.614046875083,0.0025625000000000014,6634.339455312444,680
586,0,586,40,5078.984225000086,0.0025625000000000014,6653.950249687447,680
587,0,587,40,5093.354403125085,0.0025625000000000014,6673.561044062445,680
588,0,588,40,5107.674534375084,0.0025625000000000014,6693.101825937443,680
589,0,589,40,5109.676071875085,0.0025625000000000014,6694.903107187445,680
590,0,590,40,5111.677609375086,0.0025625000000000014,6696.704388437445,680
591,0,591,40,5113.729175000083,0.0025625000000000014,6698.575677187443,680
592,0,592,40,5128.041868750084,0.0025625000000000014,6718.1057788124435,680
593,0,593,40,5130.093443750087,0.0025625000000000014,6719.977070062443,680
594,0,594,40,5144.409856250085,0.0025625000000000014,6739.512511812443,680
595,0,595,40,5146.411393750083,0.0025625000000000014,6741.313793062443,680
596,0,596,40,5148.412931250086,0.0025625000000000014,6743.115074312443,680
597,0,597,40,5150.414468750086,0.0025625000000000014,6744.916355562444,680
598,0,598,40,5152.416006250085,0.0025625000000000014,6746.717636812442,680
599,0,599,40,5154.467590625087,0.0025625000000000014,6748.588930562441,680
600,0,600,40,5168.837768750087,0.0025625000000000014,6768.199724937442,680
601,0,601,40,5183.157900000084,0.0025625000000000014,6787.740506812442,680
602,0,602,40,5185.159437500086,0.0025625000000000014,6789.541788062444,680
603,0,603,40,5187.160975000087,0.0025625000000000014,6791.34306931244,680
604,0,604,40,5189.1625125000855,0.0025625000000000014,6793.144350562439,680
605,0,605,40,5191.164050000087,0.0025625000000000014,6794.945631812441,680
606,0,606,40,5193.165587500087,0.0025625000000000014,6796.74691306244,680
607,0,607,40,5195.167125000085,0.0025625000000000014,6798.548194312441,680
608,0,608,40,5197.218681250087,0.0025625000000000014,6800.419480562439,680
609,0,609,40,5211.527656250086,0.0025625000000000014,6819.94424206244,680
610,0,610,40,5213.529193750087,0.0025625000000000014,6821.745523312439,680
611,0,611,40,5215.530731250088,0.0025625000000000014,6823.546804562439,680
612,0,612,40,5217.532268750085,0.0025625000000000014,6825.348085812438,680
613,0,613,40,5219.533806250085,0.0025625000000000014,6827.1493670624395,680
614,0,614,40,5221.535343750089,0.0025625000000000014,6828.950648312439,680
615,0,615,40,5223.536881250087,0.0025625000000000014,6830.751929562438,680
616,0,616,40,5225.538418750087,0.0025625000000000014,6832.553210812437,680
617,0,617,40,5227.539956250088,0.0025625000000000014,6834.354492062437,680
618,0,618,40,5229.541493750087,0.0025625000000000014,6836.155773312441,680
619,0,619,40,5231.543031250087,0.0025625000000000014,6837.957054562438,680
620,0,620,40,5233.644634375088,0.0025625000000000014,6839.898353312436,680
621,0,621,40,5260.372278125088,0.0025625000000000014,6877.302635437438,680
622,0,622,40,5287.003565625089,0.0025625000000000014,6914.572237687439,680
623,0,623,40,5289.105168750088,0.0025625000000000014,6916.5135364374355,680
624,0,624,40,5315.732737500089,0.0025625000000000014,6953.777798562435,680
625,0,625,40,5317.784321875088,0.0025625000000000014,6955.6490923124375,680
626,0,626,40,5332.154490625087,0.0025625000000000014,6975.259884187436,680
627,0,627,40,5346.520950000087,0.0025625000000000014,6994.865338437436,680
628,0,628,40,5360.841081250088,0.0025625000000000014,7014.406120312436,680
629,0,629,40,5362.842618750088,0.0025625000000000014,7016.207401562438,680
630,0,630,40,5364.894203125089,0.0025625000000000014,7018.078695312435,680
631,0,631,40,5379.414465625087,0.0025625000000000014,7037.899512187435,680
632,0,632,40,5430.668065625087,0.0025625000000000014,7110.626755187435,680
633,0,633,40,5432.669603125089,0.0025625000000000014,7112.4280364374345,680
634,0,634,40,5434.671140625089,0.0025625000000000014,7114.229317687437,680
635,0,635,40,5436.822818750089,0.0025625000000000014,7116.240636437435,680
636,0,636,40,5475.780137500089,0.0025625000000000014,7171.260419562434,680
637,0,637,40,5477.781675000087,0.0025625000000000014,7173.0617008124345,680
638,0,638,40,5479.833250000087,0.0025625000000000014,7174.932992062437,680
639,0,639,40,5494.199709375089,0.0025625000000000014,7194.538446312433,680
640,0,640,40,5508.669971875088,0.0025625000000000014,7214.289263187432,680
641,0,641,40,5547.673590625089,0.0025625000000000014,7269.373711187434,680
642,0,642,40,5561.982565625089,0.0025625000000000014,7288.898472687433,680
643,0,643,40,5563.984103125087,0.0025625000000000014,7290.699753937433,680
644,0,644,40,5565.985640625087,0.0025625000000000014,7292.5010351874325,680
645,0,645,40,5567.987178125088,0.0025625000000000014,7294.302316437434,680
646,0,646,40,5569.988715625088,0.0025625000000000014,7296.103597687434,680
647,0,647,40,5572.040290625087,0.0025625000000000014,7297.974888937432,680
648,0,648,40,5586.356703125086,0.0025625000000000014,7317.510330687431,680
649,0,649,40,5588.358240625085,0.0025625000000000014,7319.311611937432,680
650,0,650,40,5590.359778125087,0.0025625000000000014,7321.112893187432,680
651,0,651,40,5592.361315625088,0.0025625000000000014,7322.914174437432,680
652,0,652,40,5594.362853125085,0.0025625000000000014,7324.71545568743,680
653,0,653,40,5596.364390625086,0.0025625000000000014,7326.51673693743,680
654,0,654,40,5598.365928125087,0.0025625000000000014,7328.318018187433,680
655,0,655,40,5600.367465625085,0.0025625000000000014,7330.119299437432,680
656,0,656,40,5602.419040625086,0.0025625000000000014,7331.990590687429,680
657,0,657,40,5616.735453125084,0.0025625000000000014,7351.526032437429,680
658,0,658,40,5618.736990625084,0.0025625000000000014,7353.327313687428,680
659,0,659,40,5620.738528125085,0.0025625000000000014,7355.12859493743,680
660,0,660,40,5622.740065625085,0.0025625000000000014,7356.929876187428,680
661,0,661,40,5624.741603125083,0.0025625000000000014,7358.73115743743,680
662,0,662,40,5626.743140625086,0.0025625000000000014,7360.53243868743,680
663,0,663,40,5628.744678125083,0.0025625000000000014,7362.333719937428,680
664,0,664,40,5630.746215625082,0.0025625000000000014,7364.1350011874265,680
665,0,665,40,5632.747753125085,0.0025625000000000014,7365.936282437428,680
666,0,666,40,5634.7492906250845,0.0025625000000000014,7367.7375636874285,680
667,0,667,40,5636.750828125085,0.0025625000000000014,7369.538844937427,680
668,0,668,40,5638.752365625083,0.0025625000000000014,7371.340126187428,680
669,0,669,40,5640.753903125083,0.0025625000000000014,7373.141407437428,680
670,0,670,40,5642.755440625084,0.0025625000000000014,7374.942688687429,680
671,0,671,40,5644.756978125084,0.0025625000000000014,7376.743969937426,680
672,0,672,40,5646.758515625084,0.0025625000000000014,7378.5452511874255,680
673,0,673,40,5648.760053125083,0.0025625000000000014,7380.3465324374265,680
674,0,674,40,5650.761590625082,0.0025625000000000014,7382.147813687425,680
675,0,675,40,5652.763128125082,0.0025625000000000014,7383.949094937426,680
676,0,676,40,5654.764665625083,0.0025625000000000014,7385.750376187426,680
677,0,677,40,5656.766203125083,0.0025625000000000014,7387.551657437426,680
678,0,678,40,5658.767740625083,0.0025625000000000014,7389.352938687426,680
679,0,679,40,5660.769278125083,0.0025625000000000014,7391.1542199374235,680
680,0,680,40,5662.77081562508,0.0025625000000000014,7392.955501187423,680
681,0,681,40,5664.77235312508,0.0025625000000000014,7394.756782437424,680
682,0,682,40,5666.823937500082,0.0025625000000000014,7396.628076187426,680
683,0,683,40,5681.144068750083,0.0025625000000000014,7416.168858062424,680
684,0,684,40,5683.14560625008,0.0025625000000000014,7417.970139312423,680
685,0,685,40,5685.147143750082,0.0025625000000000014,7419.771420562423,680
686,0,686,40,5687.14868125008,0.0025625000000000014,7421.572701812426,680
687,0,687,40,5689.15021875008,0.0025625000000000014,7423.373983062423,680
688,0,688,40,5691.151756250081,0.0025625000000000014,7425.175264312421,680
689,0,689,40,5693.203340625078,0.0025625000000000014,7427.046558062422,680
690,0,690,40,5707.523471875079,0.0025625000000000014,7446.58733993742,680
691,0,691,40,5709.525009375081,0.0025625000000000014,7448.388621187421,680
692,0,692,40,5711.5265468750795,0.0025625000000000014,7450.189902437421,680
693,0,693,40,5713.528084375079,0.0025625000000000014,7451.991183687424,680
694,0,694,40,5715.529621875081,0.0025625000000000014,7453.792464937424,680
695,0,695,40,5717.631225000078,0.0025625000000000014,7455.73376368742,680
696,0,696,40,5744.2587937500775,0.0025625000000000014,7492.99802581242,680
697,0,697,40,5746.2603312500805,0.0025625000000000014,7494.799307062421,680
698,0,698,40,5748.261868750079,0.0025625000000000014,7496.600588312421,680
699,0,699,40,5750.263406250079,0.0025625000000000014,7498.40186956242,680
700,0,700,40,5752.264943750078,0.0025625000000000014,7500.20315081242,680
701,0,701,40,5754.316528125078,0.0025625000000000014,7502.0744445624205,680
702,0,702,40,5768.686678125079,0.0025625000000000014,7521.685231437421,680
703,0,703,40,5783.045681250081,0.0025625000000000014,7541.280000437418,680
704,0,704,40,5797.408421875079,0.0025625000000000014,7560.880114562418,680
705,0,705,40,5811.77860000008,0.0025625000000000014,7580.49090893742,680
706,0,706,40,5826.148778125078,0.0025625000000000014,7600.101703312417,680
707,0,707,40,5840.468909375077,0.0025625000000000014,7619.642485187419,680
708,0,708,40,5842.470446875079,0.0025625000000000014,7621.443766437418,680
709,0,709,40,5844.471984375079,0.0025625000000000014,7623.24504768742,680
710,0,710,40,5846.523550000079,0.0025625000000000014,7625.116336437419,680
711,0,711,40,5860.836243750078,0.0025625000000000014,7644.646438062417,680
712,0,712,40,5862.887818750078,0.0025625000000000014,7646.517729312417,680
713,0,713,40,5877.204231250076,0.0025625000000000014,7666.053171062417,680
714,0,714,40,5879.205768750077,0.0025625000000000014,7667.854452312418,680
715,0,715,40,5881.207306250078,0.0025625000000000014,7669.655733562417,680
716,0,716,40,5883.208843750075,0.0025625000000000014,7671.457014812417,680
717,0,717,40,5885.210381250076,0.0025625000000000014,7673.258296062418,680
718,0,718,40,5887.261965625076,0.0025625000000000014,7675.129589812417,680
719,0,719,40,5901.632143750075,0.0025625000000000014,7694.740384187414,680
720,0,720,40,5915.952275000076,0.0025625000000000014,7714.281166062416,680
721,0,721,40,5917.953812500076,0.0025625000000000014,7716.082447312416,680
722,0,722,40,5919.955350000075,0.0025625000000000014,7717.883728562413,680
723,0,723,40,5921.956887500076,0.0025625000000000014,7719.685009812415,680
724,0,724,40,5923.958425000075,0.0025625000000000014,7721.486291062415,680
725,0,725,40,5925.959962500074,0.0025625000000000014,7723.287572312418,680
726,0,726,40,5927.961500000077,0.0025625000000000014,7725.088853562415,680
727,0,727,40,5930.0130562500735,0.0025625000000000014,7726.960139812412,680
728,0,728,40,5944.322031250075,0.0025625000000000014,7746.484901312412,680
729,0,729,40,5946.323568750077,0.0025625000000000014,7748.286182562414,680
730,0,730,40,5948.325106250074,0.0025625000000000014,7750.087463812414,680
731,0,731,40,5950.326643750076,0.0025625000000000014,7751.888745062413,680
732,0,732,40,5952.3281812500745,0.0025625000000000014,7753.6900263124135,680
733,0,733,40,5954.329718750072,0.0025625000000000014,7755.4913075624145,680
734,0,734,40,5956.331256250075,0.0025625000000000014,7757.292588812414,680
735,0,735,40,5958.332793750076,0.0025625000000000014,7759.093870062409,680
736,0,736,40,5960.334331250073,0.0025625000000000014,7760.895151312411,680
737,0,737,40,5962.335868750074,0.0025625000000000014,7762.696432562412,680
738,0,738,40,5964.337406250074,0.0025625000000000014,7764.497713812411,680
739,0,739,40,5966.439009375072,0.0025625000000000014,7766.4390125624095,680
740,0,740,40,5993.166653125074,0.0025625000000000014,7803.843294687412,680
741,0,741,40,6019.797940625075,0.0025625000000000014,7841.112896937414,680
742,0,742,40,6021.899543750073,0.0025625000000000014,7843.05419568741,680
743,0,743,40,6048.527112500074,0.0025625000000000014,7880.31845781241,680
744,0,744,40,6050.578696875074,0.0025625000000000014,7882.18975156241,680
745,0,745,40,6064.9488656250705,0.0025625000000000014,7901.800543437411,680
746,0,746,40,6079.315325000072,0.0025625000000000014,7921.4059976874105,680
747,0,747,40,6093.635456250073,0.0025625000000000014,7940.94677956241,680
748,0,748,40,6095.636993750072,0.0025625000000000014,7942.7480608124115,680
749,0,749,40,6097.688578125073,0.0025625000000000014,7944.619354562411,680
750,0,750,40,6112.208840625069,0.0025625000000000014,7964.440171437409,680
751,0,751,40,6163.462440625071,0.0025625000000000014,8037.167414437407,680
752,0,752,40,6165.463978125073,0.0025625000000000014,8038.96869568741,680
753,0,753,40,6167.465515625071,0.0025625000000000014,8040.7699769374085,680
754,0,754,40,6169.617193750073,0.0025625000000000014,8042.781295687408,680
755,0,755,40,6208.574512500072,0.0025625000000000014,8097.801078812408,680
756,0,756,40,6210.576050000069,0.0025625000000000014,8099.6023600624085,680
757,0,757,40,6212.62762500007,0.0025625000000000014,8101.473651312411,680
758,0,758,40,6226.994084375072,0.0025625000000000014,8121.079105562408,680
759,0,759,40,6241.464346875069,0.0025625000000000014,8140.829922437407,680
760,0,760,40,6280.467965625074,0.0025625000000000014,8195.914370437407,680
761,0,761,40,6294.776940625073,0.0025625000000000014,8215.439131937408,680
762,0,762,40,6296.778478125069,0.0025625000000000014,8217.240413187408,680
763,0,763,40,6298.7800156250705,0.0025625000000000014,8219.041694437408,680
764,0,764,40,6300.781553125072,0.0025625000000000014,8220.842975687407,680
765,0,765,40,6302.78309062507,0.0025625000000000014,8222.644256937407,680
766,0,766,40,6304.834665625071,0.0025625000000000014,8224.515548187406,680
767,0,767,40,6319.151078125071,0.0025625000000000014,8244.050989937405,680
768,0,768,40,6321.152615625068,0.0025625000000000014,8245.852271187407,680
769,0,769,40,6323.15415312507,0.0025625000000000014,8247.653552437405,680
770,0,770,40,6325.15569062507,0.0025625000000000014,8249.454833687407,680
771,0,771,40,6327.1572281250665,0.0025625000000000014,8251.256114937405,680
772,0,772,40,6329.1587656250695,0.0025625000000000014,8253.057396187405,680
773,0,773,40,6331.160303125071,0.0025625000000000014,8254.858677437405,680
774,0,774,40,6333.161840625069,0.0025625000000000014,8256.659958687405,680
775,0,775,40,6335.213415625068,0.0025625000000000014,8258.531249937403,680
776,0,776,40,6349.529828125068,0.0025625000000000014,8278.066691687403,680
777,0,777,40,6351.531365625069,0.0025625000000000014,8279.867972937403,680
778,0,778,40,6353.532903125068,0.0025625000000000014,8281.669254187405,680
779,0,779,40,6355.534440625068,0.0025625000000000014,8283.470535437404,680
780,0,780,40,6357.535978125071,0.0025625000000000014,8285.271816687404,680
781,0,781,40,6359.537515625068,0.0025625000000000014,8287.073097937404,680
782,0,782,40,6361.539053125065,0.0025625000000000014,8288.874379187402,680
783,0,783,40,6363.540590625068,0.0025625000000000014,8290.675660437399,680
784,0,784,40,6365.5421281250665,0.0025625000000000014,8292.476941687404,680
785,0,785,40,6367.543665625067,0.0025625000000000014,8294.278222937402,680
786,0,786,40,6369.54520312507,0.0025625000000000014,8296.079504187403,680
787,0,787,40,6371.546740625066,0.0025625000000000014,8297.8807854374,680
788,0,788,40,6373.548278125064,0.0025625000000000014,8299.682066687401,680
789,0,789,40,6375.549815625067,0.0025625000000000014,8301.483347937403,680
790,0,790,40,6377.551353125066,0.0025625000000000014,8303.2846291874,680
791,0,791,40,6379.552890625065,0.0025625000000000014,8305.085910437401,680
792,0,792,40,6381.5544281250695,0.0025625000000000014,8306.8871916874,680
793,0,793,40,6383.555965625067,0.0025625000000000014,8308.688472937401,680
794,0,794,40,6385.557503125063,0.0025625000000000014,8310.489754187402,680
795,0,795,40,6387.559040625066,0.0025625000000000014,8312.291035437402,680
796,0,796,40,6389.560578125066,0.0025625000000000014,8314.0923166874,680
797,0,797,40,6391.562115625065,0.0025625000000000014,8315.893597937398,680
798,0,798,40,6393.563653125065,0.0025625000000000014,8317.694879187398,680
799,0,799,40,6395.565190625066,0.0025625000000000014,8319.496160437397,680
800,0,800,40,6397.566728125063,0.0025625000000000014,8321.297441687399,680
801,0,801,40,6399.618312500063,0.0025625000000000014,8323.168735437397,680
802,0,802,40,6413.938443750065,0.0025625000000000014,8342.709517312398,680
803,0,803,40,6415.9399812500615,0.0025625000000000014,8344.510798562398,680
804,0,804,40,6417.9415187500645,0.0025625000000000014,8346.312079812396,680
805,0,805,40,6419.943056250066,0.0025625000000000014,8348.113361062397,680
806,0,806,40,6421.944593750064,0.0025625000000000014,8349.914642312397,680
807,0,807,40,6423.946131250063,0.0025625000000000014,8351.715923562397,680
808,0,808,40,6425.9977156250625,0.0025625000000000014,8353.587217312395,680
809,0,809,40,6440.317846875064,0.0025625000000000014,8373.127999187396,680
810,0,810,40,6442.319384375062,0.0025625000000000014,8374.929280437398,680
811,0,811,40,6444.320921875063,0.0025625000000000014,8376.730561687396,680
812,0,812,40,6446.322459375066,0.0025625000000000014,8378.531842937397,680
813,0,813,40,6448.323996875063,0.0025625000000000014,8380.333124187397,680
814,0,814,40,6450.4256000000605,0.0025625000000000014,8382.274422937395,680
815,0,815,40,6477.0531687500625,0.0025625000000000014,8419.53868506239,680
816,0,816,40,6479.054706250061,0.0025625000000000014,8421.339966312396,680
817,0,817,40,6481.056243750062,0.0025625000000000014,8423.141247562395,680
818,0,818,40,6483.057781250065,0.0025625000000000014,8424.942528812395,680
819,0,819,40,6485.05931875006,0.0025625000000000014,8426.743810062395,680
820,0,820,40,6487.110903125059,0.0025625000000000014,8428.615103812393,680
821,0,821,40,6501.481053125062,0.0025625000000000014,8448.225890687394,680
822,0,822,40,6515.840056250062,0.0025625000000000014,8467.820659687392,680
823,0,823,40,6530.20279687506,0.0025625000000000014,8487.420773812393,680
824,0,824,40,6544.572975000064,0.0025625000000000014,8507.031568187393,680
825,0,825,40,6558.943153125061,0.0025625000000000014,8526.642362562394,680
826,0,826,40,6573.263284375059,0.0025625000000000014,8546.183144437393,680
827,0,827,40,6575.26482187506,0.0025625000000000014,8547.984425687395,680
828,0,828,40,6577.266359375059,0.0025625000000000014,8549.785706937393,680
829,0,829,40,6579.31792500006,0.0025625000000000014,8551.656995687392,680
830,0,830,40,6593.630618750061,0.0025625000000000014,8571.187097312388,680
831,0,831,40,6595.68219375006,0.0025625000000000014,8573.05838856239,680
832,0,832,40,6609.998606250058,0.0025625000000000014,8592.593830312393,680
833,0,833,40,6612.0001437500605,0.0025625000000000014,8594.395111562393,680
834,0,834,40,6614.001681250061,0.0025625000000000014,8596.196392812391,680
835,0,835,40,6616.003218750058,0.0025625000000000014,8597.99767406239,680
836,0,836,40,6618.004756250061,0.0025625000000000014,8599.798955312392,680
837,0,837,40,6620.0563406250585,0.0025625000000000014,8601.670249062392,680
838,0,838,40,6634.42651875006,0.0025625000000000014,8621.281043437388,680
839,0,839,40,6648.74665000006,0.0025625000000000014,8640.82182531239,680
840,0,840,40,6650.748187500057,0.0025625000000000014,8642.62310656239,680
841,0,841,40,6652.749725000061,0.0025625000000000014,8644.42438781239,680
842,0,842,40,6654.75126250006,0.0025625000000000014,8646.225669062389,680
843,0,843,40,6656.7528000000575,0.0025625000000000014,8648.02695031239,680
844,0,844,40,6658.754337500061,0.0025625000000000014,8649.828231562387,680
845,0,845,40,6660.75587500006,0.0025625000000000014,8651.629512812387,680
846,0,846,40,6662.807431250055,0.0025625000000000014,8653.500799062385,680
847,0,847,40,6677.11640625006,0.0025625000000000014,8673.025560562386,680
848,0,848,40,6679.117943750058,0.0025625000000000014,8674.82684181239,680
849,0,849,40,6681.119481250057,0.0025625000000000014,8676.628123062388,680
850,0,850,40,6683.121018750061,0.0025625000000000014,8678.429404312388,680
851,0,851,40,6685.122556250058,0.0025625000000000014,8680.230685562385,680
852,0,852,40,6687.124093750054,0.0025625000000000014,8682.031966812387,680
853,0,853,40,6689.125631250059,0.0025625000000000014,8683.833248062387,680
854,0,854,40,6691.1271687500575,0.0025625000000000014,8685.634529312383,680
855,0,855,40,6693.128706250056,0.0025625000000000014,8687.435810562387,680
856,0,856,40,6695.130243750058,0.0025625000000000014,8689.237091812387,680
857,0,857,40,6697.131781250056,0.0025625000000000014,8691.038373062389,680
858,0,858,40,6699.233384375054,0.0025625000000000014,8692.979671812385,680
859,0,859,40,6725.961028125057,0.0025625000000000014,8730.383953937386,680
860,0,860,40,6752.5923156250565,0.0025625000000000014,8767.653556187386,680
861,0,861,40,6754.693918750054,0.0025625000000000014,8769.594854937382,680
862,0,862,40,6781.321487500058,0.0025625000000000014,8806.859117062382,680
863,0,863,40,6783.373071875057,0.0025625000000000014,8808.730410812383,680
864,0,864,40,6797.743240625052,0.0025625000000000014,8828.341202687387,680
865,0,865,40,6812.109700000055,0.0025625000000000014,8847.946656937385,680
866,0,866,40,6826.429831250055,0.0025625000000000014,8867.487438812386,680
867,0,867,40,6828.431368750054,0.0025625000000000014,8869.288720062383,680
868,0,868,40,6830.482953125058,0.0025625000000000014,8871.160013812387,680
869,0,869,40,6845.0032156250545,0.0025625000000000014,8890.980830687384,680
870,0,870,40,6896.256815625055,0.0025625000000000014,8963.708073687381,680
871,0,871,40,6898.258353125055,0.0025625000000000014,8965.509354937383,680
872,0,872,40,6900.259890625054,0.0025625000000000014,8967.310636187383,680
873,0,873,40,6902.411568750056,0.0025625000000000014,8969.321954937383,680
874,0,874,40,6941.368887500054,0.0025625000000000014,9024.341738062383,680
875,0,875,40,6943.370425000055,0.0025625000000000014,9026.143019312383,680
876,0,876,40,6945.422000000055,0.0025625000000000014,9028.014310562381,680
877,0,877,40,6959.788459375053,0.0025625000000000014,9047.619764812382,680
878,0,878,40,6974.258721875053,0.0025625000000000014,9067.37058168738,680
879,0,879,40,7013.262340625056,0.0025625000000000014,9122.455029687382,680
880,0,880,40,7027.571315625053,0.0025625000000000014,9141.979791187381,680
881,0,881,40,7029.5728531250525,0.0025625000000000014,9143.781072437383,680
882,0,882,40,7031.5743906250555,0.0025625000000000014,9145.582353687381,680
883,0,883,40,7033.575928125053,0.0025625000000000014,9147.383634937381,680
884,0,884,40,7035.577465625052,0.0025625000000000014,9149.18491618738,680
885,0,885,40,7037.629040625054,0.0025625000000000014,9151.056207437381,680
886,0,886,40,7051.945453125053,0.0025625000000000014,9170.591649187378,680
887,0,887,40,7053.946990625054,0.0025625000000000014,9172.39293043738,680
888,0,888,40,7055.9485281250545,0.0025625000000000014,9174.194211687382,680
889,0,889,40,7057.950065625053,0.0025625000000000014,9175.99549293738,680
890,0,890,40,7059.9516031250505,0.0025625000000000014,9177.79677418738,680
891,0,891,40,7061.953140625053,0.0025625000000000014,9179.59805543738,680
892,0,892,40,7063.954678125052,0.0025625000000000014,9181.399336687378,680
893,0,893,40,7065.956215625052,0.0025625000000000014,9183.200617937378,680
894,0,894,40,7068.007790625054,0.0025625000000000014,9185.071909187374,680
895,0,895,40,7082.32420312505,0.0025625000000000014,9204.607350937376,680
896,0,896,40,7084.3257406250505,0.0025625000000000014,9206.408632187378,680
897,0,897,40,7086.327278125051,0.0025625000000000014,9208.209913437378,680
898,0,898,40,7088.32881562505,0.0025625000000000014,9210.011194687379,680
899,0,899,40,7090.330353125053,0.0025625000000000014,9211.812475937379,680
900,0,900,40,7092.331890625052,0.0025625000000000014,9213.613757187377,680
901,0,901,40,7094.333428125049,0.0025625000000000014,9215.415038437377,680
902,0,902,40,7096.334965625051,0.0025625000000000014,9217.216319687375,680
903,0,903,40,7098.33650312505,0.0025625000000000014,9219.017600937375,680
904,0,904,40,7100.338040625049,0.0025625000000000014,9220.818882187377,680
905,0,905,40,7102.339578125052,0.0025625000000000014,9222.620163437376,680
906,0,906,40,7104.341115625049,0.0025625000000000014,9224.421444687376,680
907,0,907,40,7106.34265312505,0.0025625000000000014,9226.222725937374,680
908,0,908,40,7108.34419062505,0.0025625000000000014,9228.024007187374,680
909,0,909,40,7110.3457281250485,0.0025625000000000014,9229.825288437376,680
910,0,910,40,7112.347265625049,0.0025625000000000014,9231.62656968737,680
911,0,911,40,7114.34880312505,0.0025625000000000014,9233.427850937373,680
912,0,912,40,7116.350340625048,0.0025625000000000014,9235.229132187374,680
913,0,913,40,7118.351878125048,0.0025625000000000014,9237.030413437376,680
914,0,914,40,7120.35341562505,0.0025625000000000014,9238.831694687375,680
915,0,915,40,7122.354953125048,0.0025625000000000014,9240.632975937373,680
916,0,916,40,7124.356490625047,0.0025625000000000014,9242.434257187373,680
917,0,917,40,7126.358028125049,0.0025625000000000014,9244.235538437371,680
918,0,918,40,7128.359565625049,0.0025625000000000014,9246.03681968737,680
919,0,919,40,7130.361103125048,0.0025625000000000014,9247.838100937372,680
920,0,920,40,7132.412687500049,0.0025625000000000014,9249.709394687376,680
921,0,921,40,7146.732818750048,0.0025625000000000014,9269.250176562371,680
922,0,922,40,7148.7343562500455,0.0025625000000000014,9271.051457812373,680
923,0,923,40,7150.735893750048,0.0025625000000000014,9272.852739062371,680
924,0,924,40,7152.737431250047,0.0025625000000000014,9274.65402031237,680
925,0,925,40,7154.738968750047,0.0025625000000000014,9276.45530156237,680
926,0,926,40,7156.740506250049,0.0025625000000000014,9278.256582812368,680
927,0,927,40,7158.792090625045,0.0025625000000000014,9280.12787656237,680
928,0,928,40,7173.112221875045,0.0025625000000000014,9299.668658437371,680
929,0,929,40,7175.113759375045,0.0025625000000000014,9301.46993968737,680
930,0,930,40,7177.115296875046,0.0025625000000000014,9303.271220937371,680
931,0,931,40,7179.116834375049,0.0025625000000000014,9305.072502187371,680
932,0,932,40,7181.118371875047,0.0025625000000000014,9306.87378343737,680
933,0,933,40,7183.2199750000445,0.0025625000000000014,9308.815082187368,680
934,0,934,40,7209.847543750046,0.0025625000000000014,9346.07934431237,680
935,0,935,40,7211.849081250045,0.0025625000000000014,9347.88062556237,680
936,0,936,40,7213.850618750045,0.0025625000000000014,9349.68190681237,680
937,0,937,40,7215.852156250047,0.0025625000000000014,9351.483188062368,680
938,0,938,40,7217.853693750045,0.0025625000000000014,9353.284469312368,680
939,0,939,40,7219.905278125045,0.0025625000000000014,9355.155763062367,680
940,0,940,40,7234.275428125045,0.0025625000000000014,9374.766549937365,680
941,0,941,40,7248.634431250043,0.0025625000000000014,9394.361318937372,680
942,0,942,40,7262.997171875044,0.0025625000000000014,9413.961433062366,680
943,0,943,40,7277.367350000046,0.0025625000000000014,9433.572227437366,680
944,0,944,40,7291.737528125043,0.0025625000000000014,9453.18302181237,680
945,0,945,40,7306.057659375045,0.0025625000000000014,9472.723803687366,680
946,0,946,40,7308.059196875044,0.0025625000000000014,9474.525084937366,680
947,0,947,40,7310.0607343750435,0.0025625000000000014,9476.326366187366,680
948,0,948,40,7312.112300000045,0.0025625000000000014,9478.197654937367,680
949,0,949,40,7326.4249937500435,0.0025625000000000014,9497.727756562364,680
950,0,950,40,7328.476568750045,0.0025625000000000014,9499.599047812362,680
951,0,951,40,7342.792981250045,0.0025625000000000014,9519.134489562368,680
952,0,952,40,7344.794518750044,0.0025625000000000014,9520.935770812368,680
953,0,953,40,7346.796056250044,0.0025625000000000014,9522.737052062364,680
954,0,954,40,7348.797593750043,0.0025625000000000014,9524.538333312365,680
955,0,955,40,7350.799131250042,0.0025625000000000014,9526.339614562366,680
956,0,956,40,7352.8507156250425,0.0025625000000000014,9528.210908312363,680
957,0,957,40,7367.2208937500445,0.0025625000000000014,9547.82170268736,680
958,0,958,40,7381.541025000042,0.0025625000000000014,9567.362484562362,680
959,0,959,40,7383.542562500041,0.0025625000000000014,9569.163765812362,680
960,0,960,40,7385.544100000043,0.0025625000000000014,9570.965047062364,680
961,0,961,40,7387.545637500041,0.0025625000000000014,9572.766328312362,680
962,0,962,40,7389.547175000042,0.0025625000000000014,9574.567609562366,680
963,0,963,40,7391.5487125000445,0.0025625000000000014,9576.368890812366,680
964,0,964,40,7393.550250000042,0.0025625000000000014,9578.170172062364,680
965,0,965,40,7395.601806250041,0.0025625000000000014,9580.04145831236,680
966,0,966,40,7409.9107812500415,0.0025625000000000014,9599.566219812361,680
967,0,967,40,7411.912318750039,0.0025625000000000014,9601.367501062363,680
968,0,968,40,7413.913856250041,0.0025625000000000014,9603.168782312361,680
969,0,969,40,7415.915393750043,0.0025625000000000014,9604.970063562361,680
970,0,970,40,7417.916931250038,0.0025625000000000014,9606.771344812363,680
971,0,971,40,7419.91846875004,0.0025625000000000014,9608.572626062361,680
972,0,972,40,7421.92000625004,0.0025625000000000014,9610.373907312362,680
973,0,973,40,7423.921543750038,0.0025625000000000014,9612.175188562358,680
974,0,974,40,7425.923081250039,0.0025625000000000014,9613.97646981236,680
975,0,975,40,7427.92461875004,0.0025625000000000014,9615.777751062358,680
976,0,976,40,7429.926156250038,0.0025625000000000014,9617.579032312362,680
977,0,977,40,7432.02775937504,0.0025625000000000014,9619.520331062362,680
978,0,978,40,7458.755403125038,0.0025625000000000014,9656.924613187359,680
979,0,979,40,7485.386690625039,0.0025625000000000014,9694.194215437361,680
980,0,980,40,7487.48829375004,0.0025625000000000014,9696.135514187361,680
981,0,981,40,7514.11586250004,0.0025625000000000014,9733.399776312357,680
982,0,982,40,7516.167446875039,0.0025625000000000014,9735.271070062354,680
983,0,983,40,7530.537615625039,0.0025625000000000014,9754.88186193736,680
984,0,984,40,7544.904075000038,0.0025625000000000014,9774.487316187362,680
985,0,985,40,7559.224206250038,0.0025625000000000014,9794.028098062357,680
986,0,986,40,7561.22574375004,0.0025625000000000014,9795.82937931236,680
987,0,987,40,7563.277328125039,0.0025625000000000014,9797.700673062358,680
988,0,988,40,7577.797590625037,0.0025625000000000014,9817.521489937357,680
989,0,989,40,7629.05119062504,0.0025625000000000014,9890.248732937354,680
990,0,990,40,7631.052728125038,0.0025625000000000014,9892.050014187356,680
991,0,991,40,7633.054265625036,0.0025625000000000014,9893.851295437358,680
992,0,992,40,7635.205943750039,0.0025625000000000014,9895.862614187357,680
993,0,993,40,7674.1632625000375,0.0025625000000000014,9950.882397312356,680
994,0,994,40,7676.164800000035,0.0025625000000000014,9952.683678562356,680
995,0,995,40,7678.216375000039,0.0025625000000000014,9954.554969812358,680
996,0,996,40,7692.582834375037,0.0025625000000000014,9974.160424062356,680
997,0,997,40,7707.053096875037,0.0025625000000000014,9993.911240937354,680
998,0,998,40,7746.056715625038,0.0025625000000000014,10048.995688937355,680
999,0,999,40,7760.365690625035,0.0025625000000000014,10068.52045043736,680
1000,0,1000,40,7762.367228125038,0.0025625000000000014,10070.321731687356,680
